recorte;ni_fornecedor;nome_fornecedor;valor_total_homologado;n_itens_vencidos;n_contratacoes;participacao_pct
AP_ESTADUAL_MUNICIPAL;53425573000123;L. S. CUNHA LTDA;228704.0;7;1;26.518760970539528
AP_ESTADUAL_MUNICIPAL;24010212000118;F B MOREIRA LTDA;178710.0;7;1;20.72184033967539
AP_ESTADUAL_MUNICIPAL;28491434000150;DARKLE R ARAUJO;172039.0;6;3;19.948322366948766
AP_ESTADUAL_MUNICIPAL;37429124000105;F. G. DE SOUSA LTDA;44200.0;1;1;5.125092848825763
AP_ESTADUAL_MUNICIPAL;28171519000151;SPORT DANCE LTDA;38583.65;11;2;4.473863997660547
AP_ESTADUAL_MUNICIPAL;10505707000103;R.FIGUEIREDO DA COSTA;31488.0;2;2;3.651106869317322
AP_ESTADUAL_MUNICIPAL;41835803000143;CARVALHO COMERCIO & SERVICOS LTDA;23502.0;5;3;2.725111586721789
AP_ESTADUAL_MUNICIPAL;49212231000158;JS DISTRIBUIDORA HOSPITALAR LTDA;20919.0;1;1;2.4256067263481023
AP_ESTADUAL_MUNICIPAL;23085871000150;C.L.C. MAUES LTDA;14090.0;3;2;1.6337682859718328
AP_ESTADUAL_MUNICIPAL;36692856000112;J. V. CUMARU DOS SANTOS LTDA;12433.3;1;1;1.4416700660023836
AP_ESTADUAL_MUNICIPAL;28491434000150;DARKLE R ARAUJO - ME;12042.8;1;1;1.3963906823492962
AP_ESTADUAL_MUNICIPAL;16537246000137;RIO GRANDE EMPREENDIMENTOS LTDA;11992.5;1;1;1.3905582803064018
AP_ESTADUAL_MUNICIPAL;55879527000120;SOLUCOES DIRETAS COMERCIO E SERVIÇOS LTDA;11986.8;1;1;1.3898973520430917
AP_ESTADUAL_MUNICIPAL;47959767000106;ENGECOM COMERCIO E SERVIÇOS LTDA;11959.2;6;1;1.386697067820748
AP_ESTADUAL_MUNICIPAL;04437177000100;A. SALOMAO DE ALMEIDA;10878.55;8;2;1.261393185760034
AP_ESTADUAL_MUNICIPAL;60664535000199;I. SANTANA DIAS;5748.0;2;1;0.6664939750011422
AP_ESTADUAL_MUNICIPAL;28171519000151;B. DE C. FERREIRA LTDA;4875.65;3;1;0.5653429626329712
AP_ESTADUAL_MUNICIPAL;57526686000176;B. S. MACIEL LTDA;4313.0;3;1;0.5001023859046496
AP_ESTADUAL_MUNICIPAL;62697272000140;A C F COMERCIO E SERVICOS LTDA;3658.29;2;1;0.42418723796223534
AP_ESTADUAL_MUNICIPAL;34048805000127;EQUINOX AMAZON EQUIPAMENTOS DE PROTECAO INDIVIDUAL LTDA;3580.0;1;1;0.4151093302895075
AP_ESTADUAL_MUNICIPAL;05522035000104;O. L. LIMA JUNIOR LTDA;3060.0;1;1;0.35481412030332204
AP_ESTADUAL_MUNICIPAL;02747184000183;R M R DE ALMEIDA LTDA;2240.0;1;1;0.25973321224818346
AP_ESTADUAL_MUNICIPAL;04153583000141;E. F. DE OLIVEIRA GHAMMACHI - ME;1750.0;1;1;0.20291657206889332
AP_ESTADUAL_MUNICIPAL;29470221000105;P C Silva Nunes LTDA;1494.0;1;1;0.17323277638338663
AP_ESTADUAL_MUNICIPAL;54198647000107;RAMSIG LTDA;1481.0;1;1;0.171725396133732
AP_ESTADUAL_MUNICIPAL;07354397000169;M. M. SANTOS LTDA;1300.0;1;1;0.15073802496546362
AP_ESTADUAL_MUNICIPAL;55234831000110;AIROD COMERCIO E SERVIÇOS LTDA;1240.0;3;2;0.14378088535167297
AP_ESTADUAL_MUNICIPAL;47251777000192;M T DOS SANTOS LTDA;1215.0;1;1;0.14088207717926024
AP_ESTADUAL_MUNICIPAL;47959767000106;ENGECOM COMERCIO E SERVICOS LTDA;1198.0;1;1;0.13891088762201953
AP_ESTADUAL_MUNICIPAL;23081193000158;O M BARROS;690.0;2;1;0.08000710555859222
AP_ESTADUAL_MUNICIPAL;36692856000112;36.692.856 JOAO VICTOR CUMARU DOS SANTOS;624.26;2;2;0.07238439958841562
AP_ESTADUAL_MUNICIPAL;09443397000160;L S ARAUJO JUNIOR;401.4;1;1;0.0465432640162593
AP_ESTADUAL_MUNICIPAL;10505707000103;R. FIGUEIREDO DA COSTA;26.0;1;1;0.0030147604993092723
AP_TODAS_ESFERAS;53425573000123;L. S. CUNHA LTDA;228704.0;7;1;23.683156430911957
AP_TODAS_ESFERAS;24010212000118;F B MOREIRA LTDA;178710.0;7;1;18.50609034283736
AP_TODAS_ESFERAS;28491434000150;DARKLE R ARAUJO;172039.0;6;3;17.815283288519932
AP_TODAS_ESFERAS;37429124000105;F. G. DE SOUSA LTDA;44200.0;1;1;4.577075670938456
AP_TODAS_ESFERAS;28171519000151;SPORT DANCE LTDA;38583.65;11;2;3.995481577172048
AP_TODAS_ESFERAS;10505707000103;R.FIGUEIREDO DA COSTA;31488.0;2;2;3.260700423676699
AP_TODAS_ESFERAS;41835803000143;CARVALHO COMERCIO & SERVICOS LTDA;23502.0;5;3;2.4337201904614387
AP_TODAS_ESFERAS;49212231000158;JS DISTRIBUIDORA HOSPITALAR LTDA;20919.0;1;1;2.1662408588317095
AP_TODAS_ESFERAS;23085871000150;C.L.C. MAUES LTDA;15710.0;8;3;1.6268293843991661
AP_TODAS_ESFERAS;04437177000100;A. SALOMAO DE ALMEIDA;12873.55;9;3;1.3331043552852886
AP_TODAS_ESFERAS;36692856000112;J. V. CUMARU DOS SANTOS LTDA;12842.3;4;2;1.3298683006536862
AP_TODAS_ESFERAS;28491434000150;DARKLE R ARAUJO - ME;12042.8;1;1;1.24707707895877
AP_TODAS_ESFERAS;16537246000137;RIO GRANDE EMPREENDIMENTOS LTDA;11992.5;1;1;1.2418683254237428
AP_TODAS_ESFERAS;55879527000120;SOLUCOES DIRETAS COMERCIO E SERVIÇOS LTDA;11986.8;1;1;1.2412780690589384
AP_TODAS_ESFERAS;47959767000106;ENGECOM COMERCIO E SERVIÇOS LTDA;11959.2;6;1;1.2384199856083073
AP_TODAS_ESFERAS;10505707000103;R. FIGUEIREDO DA COSTA;10512.2;11;5;1.0885777119465891
AP_TODAS_ESFERAS;56042208000128;L. V. PINTO LTDA;9449.44;1;1;0.9785249304975719
AP_TODAS_ESFERAS;54496178000102;ANSAH COMERCIO LTDA;9240.0;3;1;0.956836633472202
AP_TODAS_ESFERAS;58701999000186;58.701.999 SAMANTHA ROCHA LIMA MIGUEL;7900.01;1;1;0.8180756464065726
AP_TODAS_ESFERAS;09443397000160;L S ARAUJO JUNIOR;7841.4;4;2;0.8120063612239097
AP_TODAS_ESFERAS;02441945000174;TRAUM ARTIGOS ESPORTIVOS LTDA;7707.4400000000005;3;1;0.798134301113527
AP_TODAS_ESFERAS;49958380000160;49.958.380 EMERSON MEDEIROS SANTOS;6076.8;1;1;0.6292754171302898
AP_TODAS_ESFERAS;60664535000199;I. SANTANA DIAS;5748.0;2;1;0.5952269447184219
AP_TODAS_ESFERAS;18520187000110;SPECOLOGIA COMERCIAL IMPORTACAO E EXPORTACAO LTDA;5115.6;1;1;0.5297395543496101
AP_TODAS_ESFERAS;28171519000151;B. DE C. FERREIRA LTDA;4875.65;3;1;0.5048918324663141
AP_TODAS_ESFERAS;31461288000125;MAGAZINE TUFICK LTDA;4495.0;1;1;0.4654740982096913
AP_TODAS_ESFERAS;57526686000176;B. S. MACIEL LTDA;4313.0;3;1;0.4466273160352389
AP_TODAS_ESFERAS;62697272000140;A C F COMERCIO E SERVICOS LTDA;3658.29;2;1;0.3788296415438336
AP_TODAS_ESFERAS;34048805000127;EQUINOX AMAZON EQUIPAMENTOS DE PROTECAO INDIVIDUAL LTDA;3580.0;1;1;0.37072241859637267
AP_TODAS_ESFERAS;17142432000130;J. E. DE OLIVEIRA RODRIGUES;3397.95;1;1;0.3518704587345096
AP_TODAS_ESFERAS;05522035000104;O. L. LIMA JUNIOR LTDA;3060.0;1;1;0.3168744695265085
AP_TODAS_ESFERAS;60060410000150;HSD CIA LTDA;3050.0;1;1;0.3158389320443957
AP_TODAS_ESFERAS;49174963000109;MVX COMERCIO E SERVICOS LTDA;2834.52;4;1;0.29352517037982967
AP_TODAS_ESFERAS;54107641000179;54.107.641 FRANCO DE LIMA MORINA VAZ;2725.0;1;1;0.2821839638757306
AP_TODAS_ESFERAS;58413536000119;58.413.536 MARCIO MESSIAS SIMAO NEVES;2627.0;1;1;0.2720356965510254
AP_TODAS_ESFERAS;50282249000105;LC LOS COSTAS ARTIGOS MILITARES LTDA;2268.0;1;1;0.23485990094317685
AP_TODAS_ESFERAS;02747184000183;R M R DE ALMEIDA LTDA;2240.0;1;1;0.23196039599326113
AP_TODAS_ESFERAS;03703336000109;ORBY SUPPLY COMERCIAL LTDA;2080.0;1;1;0.21539179627945676
AP_TODAS_ESFERAS;62565110000158;R&F SOLUCOES INTEGRADAS LTDA;1920.9;1;1;0.1989163949390425
AP_TODAS_ESFERAS;35338366000150;HF7 COMERCIO E SERVICOS LTDA;1860.5;2;2;0.19266174854708137
AP_TODAS_ESFERAS;04153583000141;E. F. DE OLIVEIRA GHAMMACHI - ME;1750.0;1;1;0.18121905936973523
AP_TODAS_ESFERAS;29470221000105;P C Silva Nunes LTDA;1494.0;1;1;0.15470929982764825
AP_TODAS_ESFERAS;54198647000107;RAMSIG LTDA;1481.0;1;1;0.15336310110090165
AP_TODAS_ESFERAS;42374468000196;GRUPO CONNECT EMPREENDIMENTOS LTDA;1480.0;1;1;0.15325954735269037
AP_TODAS_ESFERAS;56135044000183;56.135.044 DOUGLAS BUENO DE BASTOS;1400.0;1;1;0.1449752474957882
AP_TODAS_ESFERAS;07354397000169;M. M. SANTOS LTDA;1300.0;1;1;0.13461987267466047
AP_TODAS_ESFERAS;55234831000110;AIROD COMERCIO E SERVIÇOS LTDA;1240.0;3;2;0.12840664778198382
AP_TODAS_ESFERAS;47251777000192;M T DOS SANTOS LTDA;1215.0;1;1;0.1258178040767019
AP_TODAS_ESFERAS;61505900000185;G3 LICITACOES LTDA;1200.0;2;1;0.12426449785353275
AP_TODAS_ESFERAS;47959767000106;ENGECOM COMERCIO E SERVICOS LTDA;1198.0;1;1;0.12405739035711019
AP_TODAS_ESFERAS;54494740000150;M3. BUSINESS GROUP LTDA;784.0;1;1;0.08118613859764139
AP_TODAS_ESFERAS;22382705000153;RMM SPORTS COMERCIO DE PRODUTOS ESPORTIVOS LTDA;729.22;2;2;0.07551346427062762
AP_TODAS_ESFERAS;23081193000158;O M BARROS;690.0;2;1;0.07145208626578133
AP_TODAS_ESFERAS;36692856000112;36.692.856 JOAO VICTOR CUMARU DOS SANTOS;624.26;2;2;0.06464446285837196
AP_TODAS_ESFERAS;59024064000175;H. T. C. DO VALE;570.0;2;1;0.05902563648042805
AP_TODAS_ESFERAS;65585519000124;65.585.519 MAYCON MONTEIRO PANTOJA;540.0;3;1;0.055919024034089736
AP_TODAS_ESFERAS;47363565000105;L. DE NARDIN LTDA;340.0;1;1;0.03520827439183428
AP_TODAS_ESFERAS;21496889000110;NORT MAIS LTDA;338.0;1;1;0.03500116689541172
AP_TODAS_ESFERAS;37685672000198;RCK SOLUCOES E NEGOCIOS LTDA;328.8;1;1;0.03404847241186797
AP_TODAS_ESFERAS;59989144000165;ADH COMERCIAL DE DISPENSA E LICITACOES LTDA;259.32;2;1;0.02685355798614842
AP_TODAS_ESFERAS;34865808000234;DULCELINA C. BARBOSA LTDA;212.19;2;1;0.021973069832950925
AP_TODAS_ESFERAS;34642561000106;A. N. GOMES LTDA;208.8;1;1;0.021622022626514695
AP_TODAS_ESFERAS;24603073000136;C E S ARAUJO;170.0;1;1;0.01760413719591714
