produto_id;unidade_normalizada;fator_conversao;especificacao_chave;tipo_preco;minimo;media;mediana;maximo;n_observacoes;n_contratacoes;aviso
E01;unidade;1.0;campo;estimado;237.61;237.61;237.61;237.61;1;1;atencao: baseado em 1 unico certame, nao usar como referencia robusta
E01;unidade;1.0;generico;estimado;80.16;140.00444444444443;158.91;188.59;9;5;
E02;1 Un.;;futsal|440g;estimado;164.7;164.7;164.7;164.7;1;1;atencao: baseado em 1 unico certame, nao usar como referencia robusta
E02;1 Un.;;infantil|futsal|380g;estimado;138.5;138.5;138.5;138.5;1;1;atencao: baseado em 1 unico certame, nao usar como referencia robusta
E02;unidade;1.0;futsal;estimado;127.54;166.76333333333335;155.8;216.95;3;3;
E03;1 Un.;;280g;estimado;125.95;252.725;252.725;379.5;2;2;"unidade nao comparavel sem fator de conversao confirmado; nao somar/comparar com outras"
E03;und 1 Un.;;280g;estimado;660.19;660.19;660.19;660.19;1;1;atencao: baseado em 1 unico certame, nao usar como referencia robusta
E03;unidade;1.0;280g;estimado;560.0;560.0;560.0;560.0;2;2;
E03;unidade;1.0;generico;estimado;120.33;154.7942857142857;145.99;199.0;7;4;
E03;unidade;1.0;praia;estimado;411.4;411.4;411.4;411.4;1;1;atencao: baseado em 1 unico certame, nao usar como referencia robusta
E03;unidade;1.0;praia|280g;estimado;297.45;297.45;297.45;297.45;2;2;
E03;unidade;1.0;quadra;estimado;900.0;900.0;900.0;900.0;1;1;atencao: baseado em 1 unico certame, nao usar como referencia robusta
E04;1 Un.;;generico;estimado;399.5;399.5;399.5;399.5;1;1;atencao: baseado em 1 unico certame, nao usar como referencia robusta
E04;1 Un.;;tam7;estimado;267.3;267.3;267.3;267.3;1;1;atencao: baseado em 1 unico certame, nao usar como referencia robusta
E04;unidade;1.0;650g;estimado;331.71;331.71;331.71;331.71;2;2;
E04;unidade;1.0;generico;estimado;172.0;238.12857142857143;193.19;514.6;7;6;
E05;unidade;1.0;generico;estimado;140.05;169.6502;147.41;214.15;5;3;
E06;par;1.0;campo;estimado;592.58;592.58;592.58;592.58;1;1;atencao: baseado em 1 unico certame, nao usar como referencia robusta
E07;jogo;;generico;estimado;132.57;132.57;132.57;132.57;1;1;atencao: baseado em 1 unico certame, nao usar como referencia robusta
E07;unidade;1.0;generico;estimado;359.72;420.275;420.275;480.83;2;2;
E09;Ind 1 un;;generico;estimado;25.0;25.0;25.0;25.0;1;1;atencao: baseado em 1 unico certame, nao usar como referencia robusta
E10;Ind 1 un;;generico;estimado;20.5;75.61333333333333;92.15;114.19;3;3;"unidade nao comparavel sem fator de conversao confirmado; nao somar/comparar com outras"
E10;Kit 10 Un;;generico;estimado;6.0;17.9975;9.495000000000001;47.0;4;4;"unidade nao comparavel sem fator de conversao confirmado; nao somar/comparar com outras"
E10;unidade;1.0;generico;estimado;10.76;87.72333333333334;75.925;179.0;6;4;
E12;Ind 1 un;;generico;estimado;6.78;6.78;6.78;6.78;1;1;atencao: baseado em 1 unico certame, nao usar como referencia robusta
E12;UNID;;generico;estimado;70.0;70.0;70.0;70.0;1;1;atencao: baseado em 1 unico certame, nao usar como referencia robusta
E12;unidade;1.0;generico;estimado;17.1;27.795;26.7;37.5;8;6;
E13;Ind - 1 - un;;generico;estimado;64.37;64.37;64.37;64.37;1;1;atencao: baseado em 1 unico certame, nao usar como referencia robusta
E13;unidade;1.0;generico;estimado;40.54;131.185;74.3;335.6;4;4;
E14;1 Un.;;generico;estimado;20.03;20.03;20.03;20.03;1;1;atencao: baseado em 1 unico certame, nao usar como referencia robusta
E14;unidade;1.0;generico;estimado;32.05;44.68333333333334;51.0;51.0;3;3;
E15;Ind - 1 - unidade;;esp3cm;estimado;410.0;410.0;410.0;410.0;1;1;atencao: baseado em 1 unico certame, nao usar como referencia robusta
E15;unidade;1.0;generico;estimado;0.0;104.5525;56.605000000000004;305.0;4;4;
E15;unidade;1.0;infantil|esp05cm;estimado;150.66;150.66;150.66;150.66;1;1;atencao: baseado em 1 unico certame, nao usar como referencia robusta
E16;Ind 1 un;;esp10mm;estimado;19.9;19.9;19.9;19.9;1;1;atencao: baseado em 1 unico certame, nao usar como referencia robusta
E17;unidade;1.0;generico;estimado;128.36;250.18;250.18;372.0;2;2;
E20;unidade;1.0;generico;estimado;1480.26;1480.26;1480.26;1480.26;1;1;atencao: baseado em 1 unico certame, nao usar como referencia robusta
E22;Ind 1 un;;generico;estimado;77.22;77.22;77.22;77.22;1;1;atencao: baseado em 1 unico certame, nao usar como referencia robusta
E22;adesivo;;generico;estimado;309.5;309.5;309.5;309.5;1;1;atencao: baseado em 1 unico certame, nao usar como referencia robusta
E22;unidade;1.0;generico;estimado;0.0;865.9639999999999;665.33;2632.64;5;4;
E23;unidade;1.0;generico;estimado;0.0;13.040000000000001;9.655000000000001;36.25;6;4;
E24;unidade;1.0;generico;estimado;9.26;19.006666666666664;16.22;31.54;3;3;
P01;1 Un.;;generico;estimado;257.4;257.4;257.4;257.4;1;1;atencao: baseado em 1 unico certame, nao usar como referencia robusta
P01;Cx 10 Resmas;;75g;estimado;245.0;245.0;245.0;245.0;1;1;atencao: baseado em 1 unico certame, nao usar como referencia robusta
P01;Ind 1 Resma;;75g;estimado;19.21;19.21;19.21;19.21;1;1;atencao: baseado em 1 unico certame, nao usar como referencia robusta
P02;unidade;1.0;generico;estimado;18.79;25.5083;25.5083;32.2266;2;2;
P03;unidade;1.0;generico;estimado;4.94;4.94;4.94;4.94;1;1;atencao: baseado em 1 unico certame, nao usar como referencia robusta
P04;Caixa 24,00 UN;;generico;estimado;16.23;16.23;16.23;16.23;1;1;atencao: baseado em 1 unico certame, nao usar como referencia robusta
P05;Caixa 12,00 UN;;generico;estimado;30.71;30.71;30.71;30.71;1;1;atencao: baseado em 1 unico certame, nao usar como referencia robusta
P05;Cx 72 Un;;tam2;estimado;75.0;75.0;75.0;75.0;1;1;atencao: baseado em 1 unico certame, nao usar como referencia robusta
P06;CX;;generico;estimado;38.0;39.325;39.325;40.65;2;1;"unidade nao comparavel sem fator de conversao confirmado; nao somar/comparar com outras"
P06;Caixa 12,00 UN;;generico;estimado;50.03;50.03;50.03;50.03;3;1;"unidade nao comparavel sem fator de conversao confirmado; nao somar/comparar com outras"
P06;Caixa 50 UN;;generico;estimado;0.0;38.991333333333344;36.17;64.97;15;7;"unidade nao comparavel sem fator de conversao confirmado; nao somar/comparar com outras"
P06;Caixa 50,00 UN;;generico;estimado;29.651;48.42728181818182;40.0;123.83;11;6;"unidade nao comparavel sem fator de conversao confirmado; nao somar/comparar com outras"
P06;Cx 50 Un.;;generico;estimado;0.0;35.01777777777778;37.63;57.51;9;6;"unidade nao comparavel sem fator de conversao confirmado; nao somar/comparar com outras"
P06;Cx 50 Unds;;generico;estimado;29.02;29.26666666666667;29.18;29.6;3;1;"unidade nao comparavel sem fator de conversao confirmado; nao somar/comparar com outras"
P06;unidade;1.0;generico;estimado;0.45;733.8790529411765;1.0733;12441.0;17;11;
P06;unidade;50.0;generico;estimado;0.0;0.0;0.0;0.0;2;2;
P07;unidade;1.0;generico;estimado;0.68;0.68;0.68;0.68;1;1;atencao: baseado em 1 unico certame, nao usar como referencia robusta
P08;Caixa 24,00 UN;;generico;estimado;30.05;30.05;30.05;30.05;1;1;atencao: baseado em 1 unico certame, nao usar como referencia robusta
P08;NAO_INFORMADA;;generico;estimado;0.0;0.0;0.0;0.0;1;1;atencao: baseado em 1 unico certame, nao usar como referencia robusta
P08;UNID.;;generico;estimado;1.425;1.5175;1.5175;1.61;2;2;"unidade nao comparavel sem fator de conversao confirmado; nao somar/comparar com outras"
P08;unidade;1.0;generico;estimado;0.0;2.444676923076923;1.31;7.2;13;13;
P08;unidade;24.0;generico;estimado;163.56;163.56;163.56;163.56;1;1;atencao: baseado em 1 unico certame, nao usar como referencia robusta
P10;Caixa 6,00 UN;;generico;estimado;6.62;6.62;6.62;6.62;1;1;atencao: baseado em 1 unico certame, nao usar como referencia robusta
P15;folha;1.0;generico;estimado;0.94;0.94;0.94;0.94;1;1;atencao: baseado em 1 unico certame, nao usar como referencia robusta
P15;unidade;1.0;generico;estimado;0.9;1.8275000000000001;2.25;2.25;8;3;
P19;UNID.;;generico;estimado;8.5933;9.159433333333332;8.9775;9.9075;3;3;"unidade nao comparavel sem fator de conversao confirmado; nao somar/comparar com outras"
P19;unidade;1.0;generico;estimado;4.28;23.634999999999998;11.28;112.5;8;8;
P19;unidade;12.0;generico;estimado;259.7;259.7;259.7;259.7;1;1;atencao: baseado em 1 unico certame, nao usar como referencia robusta
P21;unidade;1.0;generico;estimado;83.7;83.7;83.7;83.7;1;1;atencao: baseado em 1 unico certame, nao usar como referencia robusta
E01;unidade;1.0;campo;homologado;172.0;172.0;172.0;172.0;1;1;atencao: baseado em 1 unico certame, nao usar como referencia robusta
E02;unidade;1.0;futsal;homologado;60.0;124.92;100.0;214.76;3;3;
E03;1 Un.;;280g;homologado;90.0;90.0;90.0;90.0;1;1;atencao: baseado em 1 unico certame, nao usar como referencia robusta
E03;unidade;1.0;280g;homologado;284.0;392.33000000000004;392.33000000000004;500.66;2;2;
E03;unidade;1.0;generico;homologado;52.0;88.59571428571428;99.8;128.74;7;4;
E03;unidade;1.0;praia;homologado;283.0;283.0;283.0;283.0;1;1;atencao: baseado em 1 unico certame, nao usar como referencia robusta
E03;unidade;1.0;praia|280g;homologado;240.0;254.4;254.4;268.8;2;2;
E04;unidade;1.0;650g;homologado;299.0;299.5;299.5;300.0;2;2;
E04;unidade;1.0;generico;homologado;49.5;149.08999999999997;124.61;382.0;7;6;
E05;unidade;1.0;generico;homologado;60.0;117.928;120.13;147.41;5;3;
E06;par;1.0;campo;homologado;417.0;417.0;417.0;417.0;1;1;atencao: baseado em 1 unico certame, nao usar como referencia robusta
E07;jogo;;generico;homologado;74.05;74.05;74.05;74.05;1;1;atencao: baseado em 1 unico certame, nao usar como referencia robusta
E07;unidade;1.0;generico;homologado;263.0;263.0;263.0;263.0;1;1;atencao: baseado em 1 unico certame, nao usar como referencia robusta
E09;Ind 1 un;;generico;homologado;20.0;20.0;20.0;20.0;1;1;atencao: baseado em 1 unico certame, nao usar como referencia robusta
E10;Ind 1 un;;generico;homologado;18.0;58.945;58.945;99.89;2;2;"unidade nao comparavel sem fator de conversao confirmado; nao somar/comparar com outras"
E10;Kit 10 Un;;generico;homologado;5.89;5.89;5.89;5.89;1;1;atencao: baseado em 1 unico certame, nao usar como referencia robusta
E10;unidade;1.0;generico;homologado;10.76;94.88;94.88;179.0;2;2;
E12;Ind 1 un;;generico;homologado;6.78;6.78;6.78;6.78;1;1;atencao: baseado em 1 unico certame, nao usar como referencia robusta
E12;UNID;;generico;homologado;65.0;65.0;65.0;65.0;1;1;atencao: baseado em 1 unico certame, nao usar como referencia robusta
E12;unidade;1.0;generico;homologado;12.0;26.47875;27.375;43.2;8;6;
E13;unidade;1.0;generico;homologado;40.54;126.985;69.3;328.8;4;4;
E14;unidade;1.0;generico;homologado;47.2;56.1;56.1;65.0;2;2;
E15;Ind - 1 - unidade;;esp3cm;homologado;243.0;243.0;243.0;243.0;1;1;atencao: baseado em 1 unico certame, nao usar como referencia robusta
E15;unidade;1.0;generico;homologado;34.0;56.28;56.28;78.56;2;2;
E15;unidade;1.0;infantil|esp05cm;homologado;139.46;139.46;139.46;139.46;1;1;atencao: baseado em 1 unico certame, nao usar como referencia robusta
E16;Ind 1 un;;esp10mm;homologado;18.0;18.0;18.0;18.0;1;1;atencao: baseado em 1 unico certame, nao usar como referencia robusta
E17;unidade;1.0;generico;homologado;128.06;177.29500000000002;177.29500000000002;226.53;2;2;
E20;unidade;1.0;generico;homologado;1480.0;1480.0;1480.0;1480.0;1;1;atencao: baseado em 1 unico certame, nao usar como referencia robusta
E22;Ind 1 un;;generico;homologado;77.0;77.0;77.0;77.0;1;1;atencao: baseado em 1 unico certame, nao usar como referencia robusta
E22;unidade;1.0;generico;homologado;665.33;1270.8325;1075.0;2268.0;4;3;
E23;unidade;1.0;generico;homologado;7.18;1981.2975000000001;9.0;7900.01;4;2;
E24;unidade;1.0;generico;homologado;3.4;6.463333333333334;5.99;10.0;3;3;
P01;1 Un.;;generico;homologado;193.05;193.05;193.05;193.05;1;1;atencao: baseado em 1 unico certame, nao usar como referencia robusta
P01;Cx 10 Resmas;;75g;homologado;239.0;239.0;239.0;239.0;1;1;atencao: baseado em 1 unico certame, nao usar como referencia robusta
P01;Ind 1 Resma;;75g;homologado;17.0;17.0;17.0;17.0;1;1;atencao: baseado em 1 unico certame, nao usar como referencia robusta
P02;unidade;1.0;generico;homologado;22.0;22.0;22.0;22.0;1;1;atencao: baseado em 1 unico certame, nao usar como referencia robusta
P04;Caixa 24,00 UN;;generico;homologado;16.0;16.0;16.0;16.0;1;1;atencao: baseado em 1 unico certame, nao usar como referencia robusta
P05;Caixa 12,00 UN;;generico;homologado;6.48;6.48;6.48;6.48;1;1;atencao: baseado em 1 unico certame, nao usar como referencia robusta
P05;Cx 72 Un;;tam2;homologado;57.0;57.0;57.0;57.0;1;1;atencao: baseado em 1 unico certame, nao usar como referencia robusta
P06;CX;;generico;homologado;21.44;22.185000000000002;22.185000000000002;22.93;2;1;"unidade nao comparavel sem fator de conversao confirmado; nao somar/comparar com outras"
P06;Caixa 12,00 UN;;generico;homologado;16.2;16.2;16.2;16.2;3;1;"unidade nao comparavel sem fator de conversao confirmado; nao somar/comparar com outras"
P06;Caixa 50 UN;;generico;homologado;26.0;36.16615384615385;32.58;61.0;13;6;"unidade nao comparavel sem fator de conversao confirmado; nao somar/comparar com outras"
P06;Caixa 50,00 UN;;generico;homologado;16.0;32.233636363636364;35.4;39.99;11;6;"unidade nao comparavel sem fator de conversao confirmado; nao somar/comparar com outras"
P06;Cx 50 Un.;;generico;homologado;25.51;37.35;33.5;47.9;7;5;"unidade nao comparavel sem fator de conversao confirmado; nao somar/comparar com outras"
P06;Cx 50 Unds;;generico;homologado;21.77;21.91333333333333;21.77;22.2;3;1;"unidade nao comparavel sem fator de conversao confirmado; nao somar/comparar com outras"
P06;unidade;1.0;generico;homologado;0.49;830.1613333333333;1.0;12433.3;15;10;
P08;unidade;1.0;generico;homologado;1.5;1.5;1.5;1.5;1;1;atencao: baseado em 1 unico certame, nao usar como referencia robusta
P10;Caixa 6,00 UN;;generico;homologado;4.0;4.0;4.0;4.0;1;1;atencao: baseado em 1 unico certame, nao usar como referencia robusta
P15;unidade;1.0;generico;homologado;0.85;1.491666666666667;1.62;1.62;6;2;
P19;UNID.;;generico;homologado;5.89;6.945;6.945;8.0;2;2;"unidade nao comparavel sem fator de conversao confirmado; nao somar/comparar com outras"
P19;unidade;1.0;generico;homologado;3.0;16.075;5.465;92.25;8;8;
P21;unidade;1.0;generico;homologado;83.0;83.0;83.0;83.0;1;1;atencao: baseado em 1 unico certame, nao usar como referencia robusta
