cnpj;orgao_razao_social;unidade_codigo;unidade_nome;municipio_nome;esfera_classificada;n_contratacoes;n_itens;valor_total_estimado;valor_homologado_elegivel
23066632000153;MUNICIPIO DE TARTARUGALZINHO;2978;MUNICIPIO DE TARTARUGALZINHO - AP ;Tartarugalzinho;municipal;2;2;606030.33;472500.0
23066814000124;MUNICIPIO DE FERREIRA GOMES;01;Prefeitura Municipal de Ferreira Gomes;Ferreira Gomes;municipal;4;15;346707.62;281006.8
23066905000160;MUNICIPIO DE LARANJAL DO JARI;2210;MUNICIPIO DE LARANJAL DO JARI/AP;Laranjal do Jari;municipal;5;11;479129.4225;228162.432
34925222000137;MUNICIPIO DE PRACUUBA;000000001;SECRETARIA MUNICIPAL DE ADMINISTRACAO;Pracuúba;municipal;3;10;309094.0;220460.0
12456167000140;FUNDO MUNICIPAL DE SAUDE DE VITORIA DO JARI;610;FUNDO MUNICIPAL DE SAÚDE DE VITORIA DO JARI/AP;Vitória do Jari;municipal;4;12;166878.0;53585.0
10820882000195;INSTITUTO FEDERAL DE EDUCACAO, CIENCIA E TECNOLOGIA DO AMAPA;158150;INST.FED.DE EDUC.,CIENC.E TEC.DO AMAPA;Macapá;federal;6;21;61355.16;50024.020000000004
11762155000181;SECRETARIA DE ESTADO DA CULTURA;40;SECRETARIA DE ESTADO DA CULTURA ;Macapá;estadual;1;1;49946.0;44200.0
31443333000119;FUNDO ESTADUAL DE SEGURANCA PUBLICA DO ESTADO DO AMAPA - FUNSEP;3491;FUNDO ESTADUAL DE SEGURANÇA PÚBLICA;Macapá;estadual;1;1;56175.0;42132.0
23066640000108;MUNICIPIO DE SANTANA;980615;PREFEITURA MUNICIPAL DE SANTANA - AP;Santana;municipal;2;13;52882.83;40659.3
06023862000116;POLICIA MILITAR DO AMAPA;93;POLÍCIA MILITAR DO ESTADO DO AMAPÁ;Macapá;estadual;1;2;52960.0;36800.0
05986427000124;MUNICIPIO DE MAZAGAO;2138;Mazagão;Mazagão;municipal;1;2;54799.4;34245.5
55515312000120;SECRETARIA DE ESTADO DE COMPRAS E LICITACOES DO AMAPA;932875;EAP-SECRETARIA EST. DE COMPRAS E LICITACOES;Macapá;estadual;2;3;197903.06;33979.5
25002757000145;FUNDO DE REEQUIPAMENTO DO CORPO DE BOMBEIROS MILITAR DO ESTADO DO AMAPA - FREBOM;3;FUNDO DE REEQUIPAMENTO DO CORPO DE BOMBEIROS;Macapá;estadual;4;31;97090.0;32895.0
08186277000162;UNIVERSIDADE DO ESTADO DO AMAPA;3587;UNIVERSIDADE ESTADUAL DO AMAPÁ;Macapá;estadual;1;1;41184.0;30888.0
00394452000103;COMANDO DO EXERCITO;160026;COMANDO DA 22ª BRIGADA DE INFANTARIA DE SELVA;Macapá;federal;6;15;160321.55;23336.75
34869354000199;MINISTERIO PUBLICO DO ESTADO DO AMAPA;925037;MINISTéRIO PúBLICO DO ESTADO DO AMAPá;Macapá;estadual;2;7;52883.7;23086.6
34925214000190;MUNICIPIO DE ITAUBAL;000000001;PREFEITURA;Itaubal;municipal;1;1;22599.0;20919.0
00508903000188;JUSTICA FEDERAL DE PRIMEIRA INSTANCIA;090037;JUSTICA FEDERAL DE 1A. INSTANCIA/AP;Macapá;federal;2;4;10723.64;17468.010000000002
00743471000190;INSTITUTO DE PREVIDENCIA DO MUNICIPIO DE SANTANA;932102;MAP-INSTITUTO PREV. DO MUNICIPIO DE SANTANA;Santana;municipal;1;1;12441.0;12433.3
05194039000100;AGENCIA DE DEFESA E INSPECAO AGROPECUARIA DO ESTADO DO AMAPA - DIAGRO;73;AGÊNCIA DE DEFESA E INSPEÇÃO AGROPECUÁRIA;Amapá;estadual;1;1;13702.8;11986.8
02954346000154;CORPO DE BOMBEIROS MILITAR;94;CORPO DE BOMBEIROS MILITAR DO ESTADO DO AMAPÁ;Macapá;estadual;1;6;14226.48;11959.2
00394577000125;ESTADO DO AMAPA;3037;GOVERNO DO ESTADO DO AMAPÁ;Macapá;estadual;2;2;23100.0;11499.9
05990437000133;MUNICIPIO DE CALCOENE;932334;MAP-PREFEITURA MUNICIPAL DE CALÇOENE;Calçoene;municipal;2;7;16497.7;10193.4
11633713000109;DEPARTAMENTO ESTADUAL DE TRANSITO DO ESTADO DO AMAPA;63;DEPARTAMENTO ESTADUAL DE TRÂNSITO ;Amapá;estadual;1;3;13170.0;9861.0
15126437000305;EMPRESA BRASILEIRA DE SERVICOS HOSPITALARES - EBSERH;156956;HOSPITAL UNIV DA UNIVERSIDADE FEDERAL AMAPA;Macapá;indefinida;3;5;12369.5;8946.8
01002322000132;PROCURADORIA GERAL DO ESTADO DO AMAPA;11;PROCURADORIA-GERAL DO ESTADO ;Amapá;estadual;2;4;8524.4;8001.0
00509018000113;TRIBUNAL SUPERIOR ELEITORAL;070029;TRIBUNAL REGIONAL ELEITORAL/AP;Macapá;federal;1;3;10982.0;7440.0
34870246000136;TRIBUNAL DE CONTAS DO ESTADO DO AMAPA;927045;TRIBUNAL DE CONTAS DO ESTADO DO AMAPÁ;Macapá;estadual;4;5;7359.3;6582.0
00394502000144;COMANDO DA MARINHA;784312;CAPITANIA DOS PORTOS DO AMAPÁ;Santana;federal;2;3;7893.25;6527.5
34926188000115;INSTITUTO DE EXTENSAO, ASSISTENCIA E DESENVOLVIMENTO RURAL DO AMAPA;24;INSTITUTO DE  DESENVOLVIMENTO RURAL DO ESTADO DO AMAPÁ ;Amapá;estadual;1;1;8626.5;6471.0
11778652000178;SISTEMA INTEGRADO DE ATENDIMENTO AO CIDADAO;56;SISTEMA INTEGRADO DE ATENDIMENTO AO CIDADÃO;Amapá;estadual;1;2;0.0;5748.0
50956623000100;FUNDACAO DE SAUDE AMAPAENSE - FUNDESA;3273; FUNDESA - FUNDAÇÃO DE SAÚDE AMAPAENSE/AP;Macapá;estadual;1;2;6484.65;3658.29
34870576000121;TRIBUNAL DE JUSTICA DO ESTADO DO AMAPA;925306;TRIBUNAL DE JUSTIÇA DO ESTADO DO AMAPÁ;Macapá;estadual;2;2;4740.0;3086.0
34927343000118;TRIBUNAL REGIONAL ELEITORAL DO AMAPA;070029;TRIBUNAL REGIONAL ELEITORAL/AP;Macapá;federal;1;1;2621.0;1925.0
34868257000181;FUNDACAO UNIVERSIDADE FEDERAL DO AMAPA;154215;FUNDACAO UNIVERSIDADE FEDERAL/AP;Macapá;federal;1;1;1925.4;1920.9
11762179000130;SECRETARIA DE ESTADO DA INFRA-ESTRUTURA;462116;EAP-SECRETARIA DE ESTADO DA INFRAESTRUTURA;Macapá;estadual;1;3;2541.9;1791.95
34865584000180;CONSELHO REGIONAL DE ODONTOLOGIA DO AMAPA;931778;CONSELHO REGIONAL DE ODONTOL. ESTADO DO AMAPá;Macapá;federal;2;3;1850.0;1790.0
15126437000143;EMPRESA BRASILEIRA DE SERVIÇOS HOSPITALARES;156956;HOSPITAL UNIV DA UNIVERSIDADE FEDERAL AMAPA;Macapá;federal;2;5;3271.7000000000003;1673.8
03592977000133;SERVICO NACIONAL DE APRENDIZAGEM COMERCIAL - SENAC;930222;SERVIÇO NACIONAL DE APRENDIZAGEM COMERCIAL-AP;Macapá;indefinida;1;5;2250.0;1620.0
30144641000180;FUNDO MUNICIPAL DE EDUCACAO - FME;1398;FUNDO MUNICIPAL DE EDUCAÇÃO DE VITÓRIA DO JARI/AP;Vitória do Jari;municipal;1;1;1506.6;1494.0
00394502001205;COMANDO DA MARINHA;784312;CAPITANIA DOS PORTOS DO AMAPÁ;Santana;federal;1;1;1480.26;1480.0
32665025000109;INSTITUTO MUNICIPAL DE TRANSITO E TRANSPORTE - IMTRANS;3014;INSTITUTO MUNICIPAL DE TRANSITO E TRANSPORTE - IMTRANS - AP;Oiapoque;municipal;1;1;1400.0;1300.0
04892707002588;DNIT-DEPARTAMENTO NACIONAL DE INFRAEST DE TRANSPORTES;390071;SUPERINTENDÊNCIA REGIONAL DO DNIT - AP;Macapá;federal;1;3;1053.2;948.0
22918796000107;AGENCIA DE DESENVOLVIMENTO ECONOMICO DO AMAPA;62;AGÊNCIA DE DESENVOLVIMENTO ECONÔMICO DO AMAPÁ;Macapá;estadual;2;4;1839.8000000000002;670.0
00394577000559;ESTADO DO AMAPA;19;SECRETARIA EXTRAORDINÁRIA DE POLÍTICA PARA AS MULHERES;Macapá;estadual;1;1;630.0;630.0
01762561000190;INSTITUTO DE HEMATOLOGIA E HEMOTERAPIA DO AMAPA;35;INSTITUTO DE HEMATOLOGIA E HEMOTERAPIA DO AMAPÁ ;Macapá;estadual;2;2;1368.0700000000002;619.8
01249331000122;SECRETARIA DE ESTADO DO MEIO AMBIENTE;80;SECRETARIA DE ESTADO DO MEIO AMBIENTE;Macapá;estadual;1;1;750.0;570.0
84408731000160;CONSELHO REGIONAL DE ENGENHARIA E AGRONOMIA DO AMAPA;389420;CONSELHO REG.DE ENG. E AGRON. DO AMAPA;Macapá;federal;1;3;613.26;540.0
11762196000178;SECRETARIA DE ESTADO DO DESPORTO E DO LAZER;84;SECRETARIA DE ESTADO DO DESPORTO E  DO LAZER;Macapá;estadual;4;10;43716.0;471.2
23612685000122;MINISTERIO DO TRABALHO;400086;SUPERINTENDÊNCIA REG. DO TRABALHO E EMPREGO;Macapá;federal;1;3;432.66;409.0
04199826000182;CONSELHO REGIONAL DE MEDICINA DO ESTADO DO AMAPA;926464;CONSELHO REGIONAL DE MEDICINA DO AMAPA;Macapá;federal;1;1;570.18;338.0
00394502002864;COMANDO DA MARINHA;784312;CAPITANIA DOS PORTOS DO AMAPÁ;Santana;federal;1;1;335.6;328.8
21744847000150;BASE ADMINISTRATIVA DO QUARTEL-GENERAL DO EXERCITO;160026;COMANDO DA 22ª BRIGADA DE INFANTARIA DE SELVA;Macapá;federal;1;2;595.89;259.32
00593411000138;CONSELHO REGIONAL DE ENFERMAGEM DO AMAPA;389346;CONSELHO REGIONAL DE ENFERMAGEM DO AMAPA;Macapá;federal;1;2;212.29;212.19
11762249000150;SECRETARIA DE ESTADO DA CIENCIA E TECNOLOGIA;29;SECRETARIA DE ESTADO DA CIÊNCIA E TECNOLOGIA ;Macapá;estadual;1;1;248.04;153.06
34868927000160;ASSEMBLEIA LEGISLATIVA DO ESTADO DO AMAPA;926714;ASSEMBLÉIA LEGISLATIVA DO ESTADO AO AMAPÁ;Macapá;estadual;1;1;236.85;90.0
26461699000180;COMPANHIA NACIONAL DE ABASTECIMENTO;135596;CONAB SEDE SUREG AMAPA;Macapá;federal;1;1;22.56;22.4
11707402000147;FUNDO MUNICIPAL DE SAUDE DE LARANJAL DO JARI;000000001;FUNDO MUNICIPAL DE SAUDE DE LARANJAL DO JARI;Laranjal do Jari;municipal;1;1;2972.25;0.0
05989116000119;MUNICIPIO DE AMAPA;2137;Prefeitura Municipal de Amapá;Amapá;municipal;2;2;0.0;0.0
11762144000100;DEFENSORIA PUBLICA DO ESTADO;927560;EAP-DEFENSORIA PÚBLICA DO ESTADO DO AMAPÁ;Macapá;estadual;1;2;8846.0;0.0
15025396000107;FUNDO MUNICIPAL DE EDUCACAO DE LARANJAL DO JARI;929426;FUNDO MUNIC.EDUCAÇÃO DE LARANJAL DO JARI - AP;Laranjal do Jari;municipal;1;1;24400.0;0.0
34925131000100;MUNICIPIO DE PEDRA BRANCA DO AMAPARI;8066;FUNDO MUNICIPAL DE SAUDE;Pedra Branca do Amapari;municipal;1;1;12465.6;0.0
34925198000136;MUNICIPIO DE CUTIAS;3294;MUNICÍPIO DE CUTIAS/AP;Cutias;municipal;1;4;105590.2;0.0
34925206000144;MUNICIPIO DE PORTO GRANDE;6098;Prefeitura Municipal de Porto Grande;Porto Grande;municipal;1;1;320000.0;0.0
